Name of our product,Price,Link
Ноутбук Sony Vaio VPC-YB2L1R AMD Fusion E-350 2GB DDR3 320GB HDD серебристый,20220 сом,https://www.kivano.kg//images/product/68352/1622355077_67139000.png
Ноутбук Acer Nitro AN517-57 Intel Core i5-10300H 16GB DDR4 1000GB + 256GB SSD NVIDIA RTX 3050 FHD DOS Black,117470 сом,https://www.kivano.kg//images/product/104448/1647656327_70833400.jpg
Ноутбук Acer Aspire 5 Slim AMD Ryzen 3 3200U 8GB DDR 1000GB HDD + 128GB SSD AMD Radeon Vega 3 Graphics FHD W10 серебристый,48630 сом,https://www.kivano.kg//images/product/105216/1649408626_25046500.jpg
Ноутбук Asus TUF Dash F15 FX516PE Intel Core  i7-11370H 16GB DDR4 512GB SSD Nvidia RTX3050Ti 4GB FHD DOS серый,114840 сом,https://www.kivano.kg//images/product/94465/1623993247_50916100.png
Ноутбук Lenovo Ideapad 3 Intel Core i5-10210U 8GB DDR 128GB SSD NVidia MX330 2GB FHD DOS серый,59990 сом,https://www.kivano.kg//images/product/102145/1641270001_36821200.jpg
Ноутбук Acer Nitro AN517-57 Intel Core i5-10300H 24GB DDR4 1000GB + 256GB SSD NVIDIA RTX 3050 FHD DOS Black,121850 сом,https://www.kivano.kg//images/product/104449/1647656338_00907900.jpg
Ноутбук Acer Nitro AN517-57 Intel Core i5-10300H 32GB DDR4 1000GB + 256GB SSD NVIDIA RTX 3050 FHD DOS Black,126230 сом,https://www.kivano.kg//images/product/104450/1647656349_74107800.jpg
Ноутбук Lenovo Ideapad 3 Intel Core i5-10210U 8GB DDR 1000GB HDD + 128GB SSD NVidia MX330 2GB FHD DOS серый,63500 сом,https://www.kivano.kg//images/product/102147/1641270173_94246400.jpg
Ноутбук Lenovo Yoga Slim 7 15ITL05 Core i7-1165G7 16GB DDR 128GB SSD Intel Iris Xe Graphics FHD DOS серый,93800 сом,https://www.kivano.kg//images/product/102659/1642586619_67085600.jpg
Ноутбук Acer Nitro AN517-57 Intel Core i5-10300H 8GB DDR4 1000GB + 512GB SSD NVIDIA RTX 3050 FHD DOS Black,113970 сом,https://www.kivano.kg//images/product/104451/1647658053_40439900.jpg
Ноутбук Acer Swift 3 Intel Core i7-1165G7 8GB DDR 512GB SSD Intel Iris Xe Graphics FHD W10 серебристый,79320 сом,https://www.kivano.kg//images/product/105219/1649409358_34485800.jpg
Ноутбук Lenovo Yoga Slim 7 15ITL05 Core i7-1165G7 16GB DDR 256GB SSD Intel Iris Xe Graphics FHD DOS серый,94680 сом,https://www.kivano.kg//images/product/102660/1642586710_07352400.jpg
Ноутбук Acer Nitro AN517-57 Intel Core i5-10300H 12GB DDR4 1000GB + 512GB SSD NVIDIA RTX 3050 FHD DOS Black,118350 сом,https://www.kivano.kg//images/product/104452/1647658069_78684900.jpg
Ноутбук MSI GF65 Thin Intel Core i5-10500H 8GB DDR4 512GB SSD Nvidia RTX 3060 6GB FHD W10 черный,96430 сом,https://www.kivano.kg//images/product/105220/1649411594_80493100.jpg
Ноутбук Lenovo Ideapad 3 Intel Core i5-10210U 8GB DDR 1000GB HDD + 256GB SSD NVidia MX330 2GB FHD DOS серый,65260 сом,https://www.kivano.kg//images/product/102149/1641270382_24545500.jpg
Ноутбук Lenovo Yoga Slim 7 15ITL05 Core i7-1165G7 8GB DDR 512GB SSD Intel Iris Xe Graphics FHD DOS серый,92930 сом,https://www.kivano.kg//images/product/102661/1642586802_49262600.jpg
Ноутбук Acer Nitro AN517-57 Intel Core i5-10300H 16GB DDR4 1000GB + 512GB SSD NVIDIA RTX 3050 FHD DOS Black,119660 сом,https://www.kivano.kg//images/product/104453/1647658079_90906500.jpg
Ноутбук Asus TUF FX506LH-HN082 Intel Core i5-10300H 8GB DDR4 512GB SSD NVIDIA GTX1650 FHD DOS Black,80650 сом,https://www.kivano.kg//images/product/104709/1648054104_75575800.jpg
Ноутбук Samsung Chromebook Plus Intel Celeron 3965Y 4GB DDR 32GB eMMC Intel HD Graphics 615 FHD Chrome OS серебристый,30890 сом,https://www.kivano.kg//images/product/105221/1649412505_45316300.jpg
Ноутбук Lenovo Yoga Slim 7 15ITL05 Core i7-1165G7 8GB DDR 256GB SSD Intel Iris Xe Graphics FHD DOS серый,90290 сом,https://www.kivano.kg//images/product/102662/1642586891_89649300.jpg
Ноутбук Acer Nitro AN517-57 Intel Core i5-10300H 24GB DDR4 1000GB + 512GB SSD NVIDIA RTX 3050 FHD DOS Black,125350 сом,https://www.kivano.kg//images/product/104454/1647658089_57936400.jpg
Ноутбук HP ENVY x360 Intel Core i5-1135G7 8GB DDR 256GB SSD Intel Iris Xe Graphics G7 FHD W10 Pale Gold,79320 сом,https://www.kivano.kg//images/product/105222/1649412935_40238900.jpg
Ноутбук Asus TUF Gaming FX506H Intel Core i5-11400H 16GB DDR4 512GB SSD NVIDIA RTX 3050 FHD DOS BK Graphite Black,105360 сом,https://www.kivano.kg//images/product/105478/1650273464_01739400.jpg
Ноутбук Asus X515MA Intel Celeron N4120 8GB DDR4 240GB SSD W10 Grey,36900 сом,https://www.kivano.kg//images/product/92679/1621497953_77010600.png
Ноутбук Acer Aspire A315-57G Intel Core i3-1005G1 4GB DDR4 240GB SSD NVIDIA MX330 DOS Black,45900 сом,https://www.kivano.kg//images/product/93959/1623262933_92709900.jpg
Ноутбук Lenovo Ideapad 3 Intel Core i5-10210U 8GB DDR 1000GB HDD + 512GB SSD NVidia MX330 2GB FHD DOS серый,68790 сом,https://www.kivano.kg//images/product/102151/1641270567_61666300.jpg
Ноутбук Lenovo Yoga Slim 7 15ITL05 Core i7-1165G7 8GB DDR 128GB SSD Intel Iris Xe Graphics FHD DOS серый,89420 сом,https://www.kivano.kg//images/product/102663/1642586975_45292900.jpg
Ноутбук Acer Nitro AN517-57 Intel Core i5-10300H 32GB DDR4 1000GB + 512GB SSD NVIDIA RTX 3050 FHD DOS Black,129730 сом,https://www.kivano.kg//images/product/104455/1647658101_59765300.jpg
Ноутбук HP 250 G8 Intel Pentium N5030 4GB DDR4 256GB SSD DOS Silver,31960 сом,https://www.kivano.kg//images/product/104711/1648090812_09251100.png
Ноутбук Acer Aspire A315-57G Intel Core i3-1005G1 8GB DDR4 240GB SSD NVIDIA MX330 DOS Black,48110 сом,https://www.kivano.kg//images/product/93960/1623263004_84115500.jpg
Ноутбук Asus ZenBook 13 UX325EA Intel Core i7-1165G7 16GB DDR 512GB SSD Intel Iris X Graphics FHD WIN10 сине-серый,106090 сом,https://www.kivano.kg//images/product/99336/1634180873_42655400.png
Ноутбук Acer Nitro AN517-57 Intel Core i5-10300H 48GB DDR4 1000GB + 512GB SSD NVIDIA RTX 3050 FHD DOS Black,142160 сом,https://www.kivano.kg//images/product/104456/1647658117_10584400.jpg
Ноутбук HP 250 G8 Intel Pentium N5030 16GB DDR4 256GB SSD DOS Silver,37520 сом,https://www.kivano.kg//images/product/104712/1648091080_24250100.png
Ноутбук Acer Aspire A315-57G Intel Core i7-1065G7 12GB DDR4 512GB SSD NVIDIA MX330 FHD DOS Black,69660 сом,https://www.kivano.kg//images/product/104968/1648664898_47302400.jpg
Ноутбук Lenovo Ideapad 3 Intel Core i5-10210U 8GB DDR 1000GB HDD NVidia MX330 2GB FHD DOS серый,59990 сом,https://www.kivano.kg//images/product/102153/1641272134_01449300.jpg
Ноутбук Acer Aspire A315-57G Intel Core i7-1065G7 12GB DDR4 128GB SSD NVIDIA MX330 FHD DOS Black,66580 сом,https://www.kivano.kg//images/product/104969/1648664907_21301300.jpg
Ноутбук Lenovo Ideapad 3 15IGL05 Intel Pentium N5030 4GB DDR 1000GB HDD + 240GB SSD Intel UHD Graphics 605 HD DOS серый,32300 сом,https://www.kivano.kg//images/product/104714/1648531895_19681700.png
Ноутбук Lenovo Ideapad S145 AMD Ryzen 3 3200U 4GB DDR4 500GB HDD DOS Black,37070 сом,https://www.kivano.kg//images/product/104970/1648666662_11396700.jpg
Ноутбук Lenovo Ideapad 3 Intel Core i5-10210U 8GB DDR 256GB SSD NVidia MX330 2GB FHD DOS серый,60870 сом,https://www.kivano.kg//images/product/102155/1641272323_33397000.jpg
Ноутбук Lenovo Ideapad 3 15IGL05 Intel Pentium N5030 4GB DDR 500GB SSD Intel UHD Graphics 605 HD DOS серый,32830 сом-3%31960 сом,https://www.kivano.kg//images/product/104715/1648531875_02654300.png
Ноутбук Lenovo Ideapad S145 AMD Ryzen 3 3200U 8GB DDR4 500GB HDD DOS Black,38850 сом,https://www.kivano.kg//images/product/104971/1648666631_26360700.jpg
Ноутбук MSI Pulse GL6 Intel Core i7-11800H 16GB DDR 1000GB SSD Nvidia GeForce RTX 3060 6GB QHD DOS серый,168180 сом-2%164660 сом,https://www.kivano.kg//images/product/99340/1634184470_34375300.jpg
Ноутбук Lenovo Ideapad S145 AMD Ryzen 3 3200U 8GB DDR4 1000GB HDD DOS Black,39020 сом,https://www.kivano.kg//images/product/104972/1648667953_26645900.jpg
Ноутбук Acer Aspire A315-57G Intel Core i3-1005G1 4GB DDR4 240GB SSD NVIDIA MX330 FHD DOS Black,46340 сом,https://www.kivano.kg//images/product/93965/1623263295_52606600.jpg
Ноутбук Lenovo Ideapad 3 Intel Core i5-10210U 8GB DDR 512GB SSD NVidia MX330 2GB FHD DOS серый,64380 сом,https://www.kivano.kg//images/product/102157/1641272525_37853700.jpg
Ноутбук Lenovo Ideapad S145 AMD Ryzen 3 3200U 4GB DDR4 128GB SSD DOS Black,37070 сом,https://www.kivano.kg//images/product/104973/1648667966_84581400.jpg
Ноутбук Acer Aspire A315-57G Intel Core i3-1005G1 8GB DDR4 240GB SSD NVIDIA MX330 FHD DOS Black,48540 сом,https://www.kivano.kg//images/product/93966/1623263435_12097200.jpg
Ноутбук Lenovo Ideapad S145 AMD Ryzen 3 3200U 8GB DDR4 128GB SSD DOS Black,38850 сом,https://www.kivano.kg//images/product/104974/1648667980_11199800.jpg
Ноутбук Lenovo Ideapad S145 AMD Ryzen 3 3200U 4GB DDR4 256GB SSD DOS Black,37960 сом,https://www.kivano.kg//images/product/104975/1648667990_26060800.jpg
Ноутбук Lenovo Ideapad S145 AMD Ryzen 3 3200U 8GB DDR4 256GB SSD DOS Black,39720 сом,https://www.kivano.kg//images/product/104976/1648668003_61997100.jpg
Ноутбук Acer Travelmate B1 TMB118-M Intel Celeron N4120 4GB DDR4 64GB EMMC DOS Black,25130 сом-4%24250 сом,https://www.kivano.kg//images/product/89617/1614854895_76080400.jpg
Ноутбук Lenovo Ideapad S145 AMD Ryzen 3 3200U 8GB DDR4 512GB SSD DOS Black,41490 сом,https://www.kivano.kg//images/product/104977/1648668014_31252100.jpg
Ноутбук Acer Aspire A315-56 Intel Core i3-1005G1 4GB DDR4 240GB SSD Intel HD Graphics HD DOS Black,38490 сом,https://www.kivano.kg//images/product/97298/1630900891_88049400.jpg
Ноутбук Lenovo Ideapad S145 AMD Ryzen 3 3200U 4GB DDR4 500GB HDD + 128GB SSD DOS Black,38850 сом,https://www.kivano.kg//images/product/104978/1648669591_41651300.jpg
Ноутбук Lenovo Ideapad S145 AMD Ryzen 3 3200U 8GB DDR4 500GB HDD + 128GB SSD DOS Black,40600 сом,https://www.kivano.kg//images/product/104979/1648669604_91586100.jpg
Ноутбук Lenovo Ideapad S145 AMD Ryzen 3 3200U 4GB DDR4 500GB HDD + 256GB SSD DOS Black,39720 сом,https://www.kivano.kg//images/product/104980/1648669614_45502100.jpg
Ноутбук Lenovo Ideapad S145 AMD Ryzen 3 3200U 8GB DDR4 500GB HDD + 256GB SSD DOS Black,41490 сом,https://www.kivano.kg//images/product/104981/1648669624_39718700.jpg
Ноутбук Lenovo Ideapad S145 AMD Ryzen 3 3200U 4GB DDR4 1000GB HDD + 128GB SSD DOS Black,39020 сом,https://www.kivano.kg//images/product/104982/1648669634_22596200.jpg
Ноутбук Lenovo Ideapad S145 AMD Ryzen 3 3200U 8GB DDR4 1000GB HDD + 128GB SSD DOS Black,40780 сом,https://www.kivano.kg//images/product/104983/1648669644_23780800.jpg
Ноутбук Lenovo Ideapad L3-15ITL6 Intel Celeron 6305 4GB DDR 128GB SSD Intel HD Graphics FHD DOS серый,33100 сом,https://www.kivano.kg//images/product/102168/1641274810_12240200.jpg
Ноутбук Lenovo Ideapad S145 AMD Ryzen 3 3200U 12GB DDR4 1000GB HDD + 128GB SSD DOS Black,42550 сом,https://www.kivano.kg//images/product/104984/1648669655_36534100.jpg
Ноутбук Lenovo Ideapad L3-15ITL6 Intel Celeron 6305 4GB DDR 256GB SSD Intel HD Graphics FHD DOS серый,33980 сом,https://www.kivano.kg//images/product/102169/1641274894_61032700.jpg
Ноутбук Lenovo Ideapad S145 AMD Ryzen 3 3200U 4GB DDR4 1000GB HDD + 256GB SSD DOS Black,39900 сом,https://www.kivano.kg//images/product/104985/1648669665_16624100.jpg
Ноутбук Lenovo Ideapad L3-15ITL6 Intel Celeron 6305 4GB DDR 1000GB HDD Intel HD Graphics FHD DOS серый,33100 сом,https://www.kivano.kg//images/product/102170/1641274990_49281900.jpg
Ноутбук Lenovo Ideapad S145 AMD Ryzen 3 3200U 8GB DDR4 1000GB HDD + 256GB SSD DOS Black,41660 сом,https://www.kivano.kg//images/product/104986/1648669674_42294000.jpg
Ноутбук Lenovo Ideapad L3-15ITL6 Intel Celeron 6305 4GB DDR 500GB HDD Intel HD Graphics FHD DOS серый,32920 сом,https://www.kivano.kg//images/product/102171/1641275093_65085800.jpg
Ноутбук Lenovo Ideapad S145 AMD Ryzen 3 3200U 12GB DDR4 1000GB HDD + 256GB SSD DOS Black,45460 сом,https://www.kivano.kg//images/product/104987/1648669684_69834900.jpg
Ноутбук Lenovo Ideapad L3-15ITL6 Intel Celeron 6305 8GB DDR 128GB SSD Intel HD Graphics FHD DOS серый,35040 сом,https://www.kivano.kg//images/product/102172/1641275337_62284600.jpg
Ноутбук Lenovo Ideapad S145 AMD Ryzen 3 3200U 8GB DDR4 1000GB HDD + 512GB SSD DOS Black,43690 сом,https://www.kivano.kg//images/product/104988/1648669697_88805500.jpg
Ноутбук Lenovo Ideapad L3-15ITL6 Intel Celeron 6305 8GB DDR 256GB SSD Intel HD Graphics FHD DOS серый,35930 сом,https://www.kivano.kg//images/product/102173/1641275425_86569600.jpg
Ноутбук Lenovo Ideapad 15ADA05 AMD Ryzen 3 3250U 4GB DDR4 500GB HDD DOS Black,37070 сом,https://www.kivano.kg//images/product/104989/1648672848_66009700.jpg
Ноутбук Lenovo Ideapad L3-15ITL6 Intel Celeron 6305 8GB DDR 1000GB HDD Intel HD Graphics FHD DOS серый,35040 сом,https://www.kivano.kg//images/product/102174/1641275516_99668800.jpg
Ноутбук Lenovo Ideapad 15ADA05 AMD Ryzen 3 3250U 8GB DDR4 500GB HDD DOS Black,38850 сом,https://www.kivano.kg//images/product/104990/1648672865_28166000.jpg
Ноутбук Acer A315-34 Intel Pentium N5030 4GB DDR4 500GB HDD DOS,33120 сом,https://www.kivano.kg//images/product/97823/1631702188_65410100.jpg
Ноутбук HP 250 G8 Intel Core i3-1005G1 8GB DDR 256GB SSD Intel HD Graphics 620 FHD DOS серый,46340 сом,https://www.kivano.kg//images/product/101407/1639731294_15440800.jpg
Ноутбук Lenovo Ideapad L3-15ITL6 Intel Celeron 6305 8GB DDR 500GB HDD Intel HD Graphics FHD DOS серый,34870 сом,https://www.kivano.kg//images/product/102175/1641275669_97783100.jpg
Ноутбук Lenovo Ideapad V14 Intel Celeron N4020 4GB DDR4 500GB HDD DOS Iron Gray,24960 сом,https://www.kivano.kg//images/product/104479/1647666651_55322500.jpg
Ноутбук Lenovo Ideapad 15ADA05 AMD Ryzen 3 3250U 4GB DDR4 1000GB HDD DOS Black,37250 сом,https://www.kivano.kg//images/product/104991/1648672877_28719400.jpg
Ноутбук Acer A315-34 Intel Pentium N5030 8GB DDR4 500GB HDD DOS,32300 сом,https://www.kivano.kg//images/product/97824/1631702201_07843100.jpg
Ноутбук Acer A315-57G-537C Intel Core i5-1035G 4GB DDR4 1000GB HDD + 240GB SSD NVIDIA MX330 FHD DOS Black,60870 сом,https://www.kivano.kg//images/product/102688/1642649996_37678400.png
Ноутбук Lenovo Ideapad V14 Intel Celeron N4020 4GB DDR4 1000GB HDD DOS Iron Gray,25130 сом,https://www.kivano.kg//images/product/104480/1647666676_05053000.jpg
Ноутбук Lenovo Ideapad 15ADA05 AMD Ryzen 3 3250U 8GB DDR4 1000GB HDD DOS Black,39020 сом,https://www.kivano.kg//images/product/104992/1648672886_84230600.jpg
Ноутбук Acer A315-34 Intel Pentium N5030 4GB DDR4 1000GB HDD DOS,30450 сом,https://www.kivano.kg//images/product/97825/1631702211_53098300.jpg
Ноутбук Lenovo V14-82C2 Intel Celeron N4020 4GB DDR 1000GB HDD Intel UHD Graphics 620 HD DOS серый,28680 сом,https://www.kivano.kg//images/product/101409/1639732488_89438800.png
Ноутбук Lenovo Ideapad V14 Intel Celeron N4020 4GB DDR4 128GB SSD DOS Iron Gray,24960 сом,https://www.kivano.kg//images/product/104481/1647666698_68887100.jpg
Ноутбук Lenovo Ideapad 15ADA05 AMD Ryzen 3 3250U 4GB DDR4 500GB HDD + 128GB SSD DOS Black,38850 сом,https://www.kivano.kg//images/product/104993/1648672897_09542800.jpg
Ноутбук Acer A315-34 Intel Pentium N5030 8GB DDR4 1000GB HDD DOS,31600 сом,https://www.kivano.kg//images/product/97826/1631702223_11631800.jpg
Ноутбук Lenovo Ideapad V14 Intel Celeron N4020 4GB DDR4 256GB SSD DOS Iron Gray,25670 сом,https://www.kivano.kg//images/product/104482/1647666722_78236500.jpg
Ноутбук Lenovo Ideapad 15ADA05 AMD Ryzen 3 3250U 8GB DDR4 500GB HDD + 128GB SSD DOS Black,40600 сом,https://www.kivano.kg//images/product/104994/1648672906_60064900.jpg
Ноутбук Acer A315-34 Intel Pentium N5030 4GB DDR4 128GB SSD DOS,30000 сом,https://www.kivano.kg//images/product/97827/1631702234_29144000.jpg
Ноутбук Dell Inspiron 14 7000 series 7415 AMD Ryzen 5 5500U 8GB DDR 256GB SSD AMD Radeon Graphics FHD WIN10 синий,74930 сом,https://www.kivano.kg//images/product/99363/1634191798_27352800.jpg
Ноутбук Lenovo Ideapad 15IGL05 Intel Celeron N4020 4GB DDR4 500GB HDD DOS Platinum Gray,26820 сом,https://www.kivano.kg//images/product/104483/1647671794_25120600.jpg
Ноутбук Lenovo Ideapad 15ADA05 AMD Ryzen 3 3250U 4GB DDR4 500GB HDD + 256GB SSD DOS Black,39720 сом,https://www.kivano.kg//images/product/104995/1648672918_76368000.jpg
Ноутбук Acer A315-34 Intel Pentium N5030 8GB DDR4 128GB SSD DOS,32490 сом,https://www.kivano.kg//images/product/97828/1631702246_18528600.jpg
Ноутбук Lenovo V14-82C2 Intel Celeron N4020 4GB DDR 480GB SSD Intel UHD Graphics 620 HD DOS серый,30890 сом,https://www.kivano.kg//images/product/101412/1639733056_10441400.png
Ноутбук Lenovo Ideapad 15IGL05 Intel Celeron N4020 4GB DDR4 240GB SSD DOS Platinum Gray,28060 сом,https://www.kivano.kg//images/product/104484/1647671809_19449300.jpg
Ноутбук Lenovo Ideapad 15ADA05 AMD Ryzen 3 3250U 8GB DDR4 500GB HDD + 256GB SSD DOS Black,41490 сом,https://www.kivano.kg//images/product/104996/1648672929_59900400.jpg
Ноутбук Acer A315-34 Intel Pentium N5030 4GB DDR4 256GB SSD DOS,30890 сом,https://www.kivano.kg//images/product/97829/1631702258_45225100.jpg
Ноутбук Asus X543MA-DM1140 Intel Pentium N5030 4GB DDR4 128GB SSD Intel UHD Graphics 605 FHD DOS серый,38850 сом,https://www.kivano.kg//images/product/103717/1645777693_21137300.jpg
Ноутбук Lenovo Ideapad 15IGL05 Intel Celeron N4020 4GB DDR4 500GB SSD DOS Platinum Gray,30000 сом,https://www.kivano.kg//images/product/104485/1647671817_80632300.jpg
Ноутбук Lenovo Ideapad 15ADA05 AMD Ryzen 3 3250U 4GB DDR4 1000GB HDD + 128GB SSD DOS Black,39020 сом,https://www.kivano.kg//images/product/104997/1648672941_29393000.jpg
Ноутбук Acer A315-34 Intel Pentium N5030 8GB DDR4 256GB SSD DOS,32920 сом,https://www.kivano.kg//images/product/97830/1631702270_43545500.jpg
Ноутбук Lenovo Ideapad 15ADA05 AMD Ryzen 3 3250U 8GB DDR4 1000GB HDD + 128GB SSD DOS Black,40780 сом,https://www.kivano.kg//images/product/104998/1648672957_02606700.jpg
Ноутбук Acer A315-34 Intel Pentium N5030 4GB DDR4 512GB SSD DOS,33100 сом,https://www.kivano.kg//images/product/97831/1631702287_25770100.jpg
Ноутбук Lenovo Ideapad 15IGL05 Intel Celeron N4020 4GB DDR4 500GB HDD + 240GB SSD DOS Platinum Gray,29920 сом,https://www.kivano.kg//images/product/104487/1647671835_68377400.jpg
Ноутбук Lenovo Ideapad 15ADA05 AMD Ryzen 3 3250U 12GB DDR4 1000GB HDD + 128GB SSD DOS Black,42550 сом,https://www.kivano.kg//images/product/104999/1648672966_26119200.jpg
Ноутбук Acer A315-34 Intel Pentium N5030 8GB DDR4 512GB SSD DOS,34870 сом,https://www.kivano.kg//images/product/97832/1631702302_04912400.jpg
Ноутбук Lenovo Ideapad 15ADA05 AMD Ryzen 3 3250U 4GB DDR4 1000GB HDD + 256GB SSD DOS Black,39900 сом,https://www.kivano.kg//images/product/105000/1648672976_41641700.jpg
Ноутбук Acer A315-34 Intel Pentium N5030 4GB DDR4 500GB HDD + 128GB SSD DOS,33540 сом,https://www.kivano.kg//images/product/97833/1631703193_17186800.jpg
Ноутбук Lenovo Ideapad 15IGL05 Intel Celeron N4020 4GB DDR4 1000GB HDD + 240GB SSD DOS Platinum Gray,30360 сом,https://www.kivano.kg//images/product/104489/1647671856_36375900.jpg
Ноутбук Lenovo Ideapad 15ADA05 AMD Ryzen 3 3250U 8GB DDR4 1000GB HDD + 256GB SSD DOS Black,41660 сом,https://www.kivano.kg//images/product/105001/1648672987_59143900.jpg
Ноутбук Acer A315-34 Intel Pentium N5030 4GB DDR4 1000GB HDD + 128GB SSD DOS,33720 сом,https://www.kivano.kg//images/product/97834/1631703205_47578000.jpg
Ноутбук Lenovo V15-82C3 Intel Celeron N4020 4GB DDR 1000GB HDD Intel UHD Graphics 620 HD DOS серый,29560 сом,https://www.kivano.kg//images/product/101418/1639734393_93455300.png
Ноутбук Lenovo Ideapad 15ADA05 AMD Ryzen 3 3250U 12GB DDR4 1000GB HDD + 256GB SSD DOS Black,45460 сом,https://www.kivano.kg//images/product/105002/1648672998_39523700.jpg
Ноутбук HP 250 G7 1F3J3EA#ACB Intel Celeron N4020 4GB DDR4 1000GB HDD Intel UHD Graphics 620 FHD DOS черный,31770 сом,https://www.kivano.kg//images/product/91691/1619689592_71136600.jpg
Ноутбук Acer A315-34 Intel Pentium N5030 4GB DDR4 500GB HDD + 256GB SSD DOS,34250 сом,https://www.kivano.kg//images/product/97835/1631703217_20666500.jpg
Ноутбук Lenovo Ideapad 15ADA05 AMD Ryzen 3 3250U 8GB DDR4 1000GB HDD + 512GB SSD DOS Black,43690 сом,https://www.kivano.kg//images/product/105003/1648673017_63474200.jpg
Ноутбук Acer A315-34 Intel Pentium N5030 4GB DDR4 1000GB HDD + 256GB SSD DOS,34420 сом,https://www.kivano.kg//images/product/97836/1631703227_66431800.jpg
Ноутбук Lenovo Ideapad V15 G2 ITL Intel Core i3-1115G4 12GB DDR 256GB SSD Intel HD Graphics 620 FHD DOS черный,46070 сом,https://www.kivano.kg//images/product/105004/1648695520_75494400.png
Ноутбук Acer A315-34 Intel Pentium N5030 8GB DDR4 500GB HDD + 128GB SSD DOS,35310 сом,https://www.kivano.kg//images/product/97837/1631703244_99590900.jpg
Ноутбук HP 250 G8 27K00EA#ACB Intel Core i5-1035G1 8GB DDR4 256GB SSD Intel UHD Graphics G1 FHD DOS серебро,66140 сом,https://www.kivano.kg//images/product/99117/1633761331_10623400.jpg
Ноутбук Lenovo V15-82C3 Intel Celeron N4020 4GB DDR 480GB SSD Intel UHD Graphics 620 HD DOS серый,31770 сом,https://www.kivano.kg//images/product/101421/1639734825_45424200.png
Ноутбук Lenovo Ideapad V15 G2 ITL Intel Core i3-1115G4 12GB DDR 500GB SSD Intel HD Graphics 620 FHD DOS черный,48360 сом,https://www.kivano.kg//images/product/105005/1648695383_76684200.png
Ноутбук Lenovo IdeaPad Gaming 3 15IHU6 Intel Core i5-11300H 8GB DDR 512GB SSD Nvidia RTX3050 4GB FHD DOS черный,89610 сом,https://www.kivano.kg//images/product/105517/1650430607_06457500.jpg
Ноутбук Acer A315-34 Intel Pentium N5030 8GB DDR4 1000GB HDD + 128GB SSD DOS,35480 сом,https://www.kivano.kg//images/product/97838/1631703261_93349900.jpg
Ноутбук Lenovo Ideapad V15 G2 ITL Intel Core i3-1115G4 20GB DDR 256GB SSD Intel HD Graphics 620 FHD DOS черный,48720 сом,https://www.kivano.kg//images/product/105006/1648695628_30610800.png
Ноутбук Acer A315-34 Intel Pentium N5030 8GB DDR4 500GB HDD + 256GB SSD DOS,36010 сом,https://www.kivano.kg//images/product/97839/1631703274_54393800.jpg
Ноутбук Lenovo IdeaPad 3 15IGL05 Intel Celeron N4020 4GB DDR 1000GB HDD Intel UHD Graphics 600 HD DOS серый,27360 сом,https://www.kivano.kg//images/product/98351/1632391925_57661600.jpg
Ноутбук Lenovo Ideapad V15 G2 ITL Intel Core i3-1115G4 4GB DDR 256GB SSD Intel HD Graphics 620 FHD DOS черный,43520 сом,https://www.kivano.kg//images/product/105007/1648695748_48078300.png
Ноутбук Acer A315-34 Intel Pentium N5030 8GB DDR4 1000GB HDD + 256GB SSD DOS,36190 сом,https://www.kivano.kg//images/product/97840/1631703285_49008700.jpg
Ноутбук Lenovo Ideapad V15 G2 ITL Intel Core i3-1115G4 4GB DDR 500GB SSD Intel HD Graphics 620 FHD DOS черный,45900 сом,https://www.kivano.kg//images/product/105008/1648695988_88983400.png
Ноутбук Lenovo Ideapad S145-15AST AMD A6-9225 4GB DDR4 500GB HDD AMD Radeon R7 2GB HD черный,36630 сом,https://www.kivano.kg//images/product/83761/1599712319_59019700.png
Ноутбук Asus X540UB Intel Core i3-7020U 8GB DDR 120GB SSD Intel HD Graphics 620 FHD DVDRW серебристый,44050 сом-6%41410 сом,https://www.kivano.kg//images/product/87345/1608886460_89933000.jpg
Ноутбук Lenovo IdeaPad 3 15IIL05 Intel Core i3-1005G1 8GB DDR4 256GB SSD Intel Graphics 620 HD DOS серый,42100 сом,https://www.kivano.kg//images/product/97585/1631261651_90829100.jpg
Ноутбук Lenovo Ideapad S145-15AST AMD A6-9225 8GB DDR4 500GB HDD AMD Radeon R7 2GB HD черный,38850 сом,https://www.kivano.kg//images/product/83762/1599712425_97037000.png
Ноутбук HP ENVY x360 15-ed1055wm 389F2UA#ABA intel core i5-1135G7 8GB DDR4 512GB SSD Intel Iris Xe Graphics G7 FHD DOS WIN10 серебристый,93360 сом,https://www.kivano.kg//images/product/99122/1633761981_99090700.jpg
Ноутбук Lenovo Ideapad V15 G2 ITL Intel Core i3-1115G4 8GB DDR 500GB SSD Intel HD Graphics 620 FHD DOS черный,47310 сом,https://www.kivano.kg//images/product/105010/1648696183_37350500.png
Ноутбук Lenovo Ideapad S145-15AST AMD A6-9225 4GB DDR4 128GB SSD AMD Radeon R7 2GB HD черный,36630 сом,https://www.kivano.kg//images/product/83763/1599712560_55165800.png
Ноутбук HP ENVY x360 15-eu0016ur 4E0U9EA#ABA AMD Ryzen 7 5700U 16GB DDR4 1000GB SSD AMD Radeon Graphics 8 FHD WIN10 черный,125350 сом,https://www.kivano.kg//images/product/99123/1633762340_47904600.jpg
Ноутбук Lenovo V15 G1IML Intel Core i3-10110U 12GB DDR 240GB SSD Intel HD Graphics 620 HD DOS серый,41310 сом,https://www.kivano.kg//images/product/105011/1648697260_49659100.jpg
Ноутбук Lenovo Ideapad S145-15AST AMD A6-9225 8GB DDR4 128GB SSD AMD Radeon R7 2GB HD черный,38850 сом,https://www.kivano.kg//images/product/83764/1599712678_79247300.png
Ноутбук Lenovo Ideapad 3-15ITL6 Intel Core i5-1135G7 12GB DDR 1000GB HDD Nvidia MX350 2GB FHD DOS серебристый,63680 сом,https://www.kivano.kg//images/product/104756/1648182977_09089500.jpg
Ноутбук Lenovo V15 G1IML Intel Core i3-10110U 12GB DDR 480GB SSD Intel HD Graphics 620 HD DOS серый,43070 сом,https://www.kivano.kg//images/product/105012/1648697332_98742800.jpg
Ноутбук Lenovo IdeaPad 3 15IIL05 Intel Core i3-1005G1 8GB DDR4 512GB SSD Intel Graphics 620 HD DOS серый,46070 сом,https://www.kivano.kg//images/product/97589/1631262081_93891200.jpg
Ноутбук Lenovo V15 G1IML Intel Core i3-10110U 20GB DDR 240GB SSD Intel HD Graphics 620 HD DOS серый,44320 сом,https://www.kivano.kg//images/product/105013/1648697739_05281500.jpg
Ноутбук Lenovo Ideapad 3-15ITL6 Intel Core i5-1135G7 12GB DDR 1000GB HDD + 240GB SSD Nvidia MX350 2GB FHD DOS серебристый,67020 сом,https://www.kivano.kg//images/product/104758/1648183243_56642400.jpg
Ноутбук Lenovo V15 G1IML Intel Core i3-10110U 20GB DDR 480GB SSD Intel HD Graphics 620 HD DOS серый,46160 сом,https://www.kivano.kg//images/product/105014/1648697830_13643900.jpg
Ноутбук Lenovo Ideapad S145-15AST AMD A6-9225 4GB DDR4 1000GB HDD + 256GB SSD AMD Radeon R7 2GB HD черный,41490 сом,https://www.kivano.kg//images/product/83767/1599713072_52330800.png
Ноутбук Lenovo Ideapad 3-15ITL6 Intel Core i5-1135G7 12GB DDR 240GB SSD Nvidia MX350 2GB FHD DOS серебристый,63860 сом,https://www.kivano.kg//images/product/104759/1648183341_53353100.jpg
Ноутбук Lenovo V15 G1IML Intel Core i3-10110U 4GB DDR 240GB SSD Intel HD Graphics 620 HD DOS серый,38660 сом,https://www.kivano.kg//images/product/105015/1648698019_70527300.jpg
Ноутбук Acer Aspire A315-34 Intel Celeron N4000 4GB DDR4 500GB HDD FHD DOS Black,27530 сом,https://www.kivano.kg//images/product/104504/1647682028_90111100.jpg
Ноутбук Lenovo Ideapad 3-15ITL6 Intel Core i5-1135G7 12GB DDR 480GB SSD Nvidia MX350 2GB FHD DOS серебристый,65350 сом,https://www.kivano.kg//images/product/104760/1648183435_24376300.jpg
Ноутбук Lenovo V15 G1IML Intel Core i3-10110U 4GB DDR 480GB SSD Intel HD Graphics 620 HD DOS серый,40430 сом,https://www.kivano.kg//images/product/105016/1648698116_82126400.jpg
Ноутбук Asus ROG Strix G15 AMD Ryzen 7-4800H 16GB DDR 512GB SSD Nvidia RTX3050Ti 4GB FHD DOS серый,123600 сом,https://www.kivano.kg//images/product/102713/1642660154_85541900.jpg
Ноутбук Acer Aspire A315-34 Intel Celeron N4000 4GB DDR4 120GB SSD FHD DOS Black,27530 сом,https://www.kivano.kg//images/product/104505/1647682041_44113100.jpg
Ноутбук Lenovo Ideapad 3-15ITL6 Intel Core i5-1135G7 20GB DDR 1000GB HDD Nvidia MX350 2GB FHD DOS серебристый,66320 сом,https://www.kivano.kg//images/product/104761/1648183531_96637000.jpg
Ноутбук Lenovo V15 G1IML Intel Core i3-10110U 8GB DDR 240GB SSD Intel HD Graphics 620 HD DOS серый,40430 сом,https://www.kivano.kg//images/product/105017/1648698327_65499400.jpg
Ноутбук Acer Aspire A315-34 Intel Celeron N4000 4GB DDR4 240GB SSD FHD DOS Black,28230 сом,https://www.kivano.kg//images/product/104506/1647682053_67852600.jpg
Ноутбук Lenovo V15 G1IML Intel Core i3-10110U 8GB DDR 480GB SSD Intel HD Graphics 620 HD DOS серый,42100 сом,https://www.kivano.kg//images/product/105018/1648698397_17506300.jpg
Ноутбук Lenovo Ideapad S340-15IIL Intel Core i3-1005G1 12GB DDR 128GB SSD Intel HD Graphics 620 FHD синий,47750 сом,https://www.kivano.kg//images/product/91195/1620926006_08391500.png
